chain,name,kcal,p,f,c,salt,checked,source_ref,data_quality
マクドナルド,えびフィレオ,408,11.4,18.6,49.5,2.2,2026-09-27,turn0search2,official_full
マクドナルド,てりやきチキンフィレオ,496,20.1,23.0,52.8,3.2,2026-09-27,turn0search2,official_full
マクドナルド,てりやきマックバーガー,485,14.2,31.3,37.4,2.2,2026-09-27,turn0search2,official_full
マクドナルド,エグチ（エッグチーズバーガー）,390,22.4,19.0,31.2,2.1,2026-09-27,turn0search2,official_full
マクドナルド,エッグマックマフィン,310,18.6,13.6,27.2,1.5,2026-09-27,turn0search2,official_full
マクドナルド,ソーセージエッグマフィン,477,22.0,30.6,27.3,1.8,2026-09-27,turn0search2,official_full
松屋,牛めし 小盛,507,13.1,22.8,59.6,2.6,2026-09-08,turn2search0,official_full
松屋,牛めし 並盛,687,17.1,28.9,85.5,3.0,2026-09-08,turn2search0,official_full
松屋,牛めし あたま大盛,765,19.8,35.6,87.2,3.5,2026-09-08,turn2search0,official_full
松屋,牛めし 大盛,933,22.3,35.9,124.3,3.5,2026-09-08,turn2search0,official_full
松屋,牛めし 特盛,1237,31.0,56.3,145.1,4.5,2026-09-08,turn2search0,official_full
松屋,鬼おろしポン酢牛めし 並盛,714,18.3,29.1,90.8,4.5,2026-09-08,turn2search7,official_full
松屋,牛皿 並盛,299,9.8,26.9,4.3,1.1,2026-08-25,turn2search10,official_full
松屋,牛皿 大盛,377,12.4,33.7,6.0,1.6,2026-08-25,turn2search10,official_full
松屋,半熟玉子,71,5.8,4.8,0.1,0.2,2026-09-08,turn2search3,official_full
やよい軒,しょうが焼定食（白米）,717,26.2,37.1,72.9,5.0,2026-09-27,turn3search0,official_full
やよい軒,肉野菜炒め定食（白米）,545,26.4,18.6,71.4,5.0,2026-09-27,turn3search0,official_full
やよい軒,チキン南蛮定食（白米）,843,27.6,37.7,100.7,6.3,2026-09-27,turn3search0,official_full
やよい軒,から揚げ定食(5個)（白米）,844,39.7,43.4,78.6,6.1,2026-09-27,turn3search0,official_full
やよい軒,さんまの塩焼定食（白米）,501,35.4,13.4,63.9,3.5,2026-09-27,turn3search6,official_full
やよい軒,鶏せせりともも肉の柚子胡椒炒め定食（白米）,562,30.0,16.4,76.3,6.1,2026-09-27,turn3search1,official_full
やよい軒,ミックスとじ定食（白米）,838,40.4,36.1,90.8,5.9,2026-09-27,turn3search3,official_full
大戸屋,大戸屋ランチ（白ご飯）,908,26.4,35.2,112.8,4.2,2026-09-27,turn5search4,official_full
大戸屋,大戸屋ランチ弁当（白ご飯）,900,24.3,34.2,115.3,3.4,2026-09-27,turn5search2,official_full
大戸屋,毎日定食,807,28.1,25.0,106.2,6.2,2026-09-27,turn5search5,official_full
大戸屋,活力定食,1114,48.0,48.7,109.9,7.0,2026-09-27,turn5search5,official_full
大戸屋,夏の和風タコライス〜すし酢付き〜,694,26.8,27.1,82.2,4.4,2026-09-27,turn5search5,official_full
大戸屋,七椒香る豚と茄子の回鍋肉,536,18.8,42.9,19.2,2.4,2026-09-27,turn5search5,official_full
大戸屋,鶏と茄子のコクうま豆豉炒め,809,36.8,26.3,100.7,4.6,2026-09-27,turn5search7,official_full
モスバーガー,モスバーガー,372,15.2,17.0,40.0,2.3,2026-09-09,turn6view0,official_full
モスバーガー,テリヤキバーガー,385,14.3,18.2,41.2,2.6,2026-09-09,turn6view0,official_full
モスバーガー,テリヤキチキンバーガー,303,20.1,10.3,32.4,2.2,2026-09-09,turn6view0,official_full
モスバーガー,モスチーズバーガー,425,18.2,21.4,40.4,2.8,2026-09-09,turn6view0,official_full
モスバーガー,モス野菜バーガー,363,14.1,18.6,35.4,1.8,2026-09-09,turn6view0,official_full
モスバーガー,海老カツバーガー,397,14.5,19.3,42.1,2.1,2026-09-09,turn6view0,official_full
モスバーガー,ロースカツバーガー,410,16.6,16.3,49.7,2.3,2026-09-09,turn6view0,official_full
モスバーガー,フィッシュバーガー,381,16.2,18.8,37.0,1.9,2026-09-09,turn6view0,official_full
モスバーガー,モスの菜摘テリヤキチキン,186,15.1,10.7,7.7,1.9,2026-09-09,turn6view0,official_full
モスバーガー,モスの菜摘モス野菜,223,9.1,16.5,10.4,1.3,2026-09-09,turn6view0,official_full
モスバーガー,ソイモスバーガー,366,13.1,13.8,48.0,2.6,2026-09-09,turn6view0,official_full
モスバーガー,モスチキン,269,15.3,16.6,14.7,1.5,2026-09-09,turn6view0,official_full
バーガーキング,ワッパーチーズ,750,32.7,46.3,51.4,3.7,2026-03-13,turn7view0,official_full
バーガーキング,ワッパーチーズジュニア,372,16.1,21.8,28.2,1.7,2026-03-13,turn7view0,official_full
バーガーキング,ワッパー,672,28.2,39.9,50.8,3.0,2026-03-13,turn7view0,official_full
バーガーキング,ワッパージュニア,333,13.8,18.6,27.9,1.3,2026-03-13,turn7view0,official_full
バーガーキング,ハンバーガー,252,13.7,10.1,27.0,1.2,2026-03-13,turn7view0,official_full
バーガーキング,チーズバーガー,291,15.9,13.3,27.3,1.6,2026-03-13,turn7view0,official_full
バーガーキング,ダブルチーズバーガー,425,26.7,23.2,27.6,2.1,2026-03-13,turn7view0,official_full
びっくりドンキー,レギュラーハンバーグディッシュ,723,26.1,26.9,91.1,2.3,2026-09-27,turn7view1,official_full
びっくりドンキー,エッグバーグディッシュ,806,32.9,32.5,91.2,2.6,2026-09-27,turn7view1,official_full
びっくりドンキー,チーズバーグディッシュ,863,34.5,38.4,91.8,3.4,2026-09-27,turn7view1,official_full
びっくりドンキー,おろしそバーグディッシュ,730,26.3,26.9,92.8,2.3,2026-09-27,turn7view1,official_full
びっくりドンキー,黒デミバーグディッシュ,773,28.5,29.1,95.7,2.7,2026-09-27,turn7view1,official_full
びっくりドンキー,レギュラーバーグステーキ,316,23.2,15.7,21.3,2.5,2026-09-27,turn7view1,official_full
びっくりドンキー,エッグバーグステーキ,399,30.0,21.4,21.5,2.8,2026-09-27,turn7view1,official_full
びっくりドンキー,チーズバーグステーキ,457,31.5,27.3,22.1,3.6,2026-09-27,turn7view1,official_full
ケンタッキーフライドチキン,とろ～り月見フィレバーガー,441,28.3,20.4,36.2,3.0,2026-09-11,turn2view0,official_full
ケンタッキーフライドチキン,とろ～り月見和風カツバーガーこぼれタルタル,506,20.6,25.8,48.3,3.2,2026-09-11,turn2view0,official_full
ケンタッキーフライドチキン,とろ～りトリプル月見和風カツバーガーこぼれタルタル,585,27.9,27.4,57.0,4.3,2026-09-11,turn2view0,official_full
ケンタッキーフライドチキン,柑橘 鶏竜田バーガー,496,18.6,27.4,43.9,3.3,2026-09-11,turn2view0,official_full
ケンタッキーフライドチキン,チキン南蛮フィレバーガー,432,25.6,19.9,37.6,3.0,2026-09-11,turn2view0,official_full
ケンタッキーフライドチキン,チキンフィレバーガー,398,24.3,19.7,31.1,2.4,2026-09-11,turn2view0,official_full
ケンタッキーフライドチキン,辛口チキンフィレバーガー,384,24.4,17.8,31.9,2.6,2026-09-11,turn2view0,official_full
ケンタッキーフライドチキン,チーズチキンフィレバーガー,468,26.8,25.8,32.1,2.9,2026-09-11,turn2view0,official_full
ケンタッキーフライドチキン,ダブルチキンフィレバーガー,615,44.6,30.7,40.0,4.2,2026-09-11,turn2view0,official_full
ケンタッキーフライドチキン,和風チキンカツバーガー,426,16.0,22.3,40.5,2.0,2026-09-11,turn2view0,official_full
ケンタッキーフライドチキン,とろ～り月見ツイスター,398,14.8,19.9,39.9,2.7,2026-09-11,turn2view0,official_full
ケンタッキーフライドチキン,ペッパーマヨツイスター,302,10.8,14.8,32.0,1.9,2026-09-11,turn2view0,official_full
ケンタッキーフライドチキン,てりやきツイスター,360,11.2,19.1,35.8,2.1,2026-09-11,turn2view0,official_full
ケンタッキーフライドチキン,フライドポテト S,195,2.6,7.8,28.7,1.2,2026-09-11,turn2view0,official_full
ケンタッキーフライドチキン,フライドポテト L,390,5.3,15.5,57.4,2.4,2026-09-11,turn2view0,official_full
ケンタッキーフライドチキン,コールスロー S,79,0.9,5.9,5.9,0.5,2026-09-11,turn2view0,official_full
ケンタッキーフライドチキン,コールスロー M,127,1.5,9.5,9.5,0.9,2026-09-11,turn2view0,official_full
ケンタッキーフライドチキン,ビスケット,211,3.2,12.5,21.3,1.1,2026-09-11,turn2view0,official_full
ケンタッキーフライドチキン,おもちと濃厚カスタードの月見パイ,187,2.5,8.7,24.6,0.3,2026-09-11,turn2view0,official_full
ケンタッキーフライドチキン,チョコパイ,270,3.1,15.8,29.0,0.3,2026-09-11,turn2view0,official_full
CoCo壱番屋,ポークカレー,701,11.0,18.3,126.9,3.4,2026-09-25,turn1view3,official_full
CoCo壱番屋,甘口ポークカレー,681,10.8,17.0,124.7,2.5,2026-09-25,turn1view3,official_full
CoCo壱番屋,ビーフカレー,823,17.3,29.6,125.8,3.1,2026-09-25,turn1view3,official_full
CoCo壱番屋,ココイチベジカレー,688,10.1,15.6,130.7,3.8,2026-09-25,turn1view3,official_full
CoCo壱番屋,ハヤシライス,845,16.4,30.1,132.4,3.1,2026-09-25,turn1view3,official_full
CoCo壱番屋,チキンにこみカレー,769,24.4,19.7,128.7,4.3,2026-09-25,turn1view3,official_full
CoCo壱番屋,フライドチキン(5個)カレー,1026,28.6,41.4,145.2,4.7,2026-09-25,turn1view3,official_full
CoCo壱番屋,ハンバーグ(2個)カレー,925,24.2,32.9,137.0,4.7,2026-09-25,turn1view3,official_full
CoCo壱番屋,豚しゃぶカレー,1052,23.6,51.5,128.8,3.5,2026-09-25,turn1view3,official_full
CoCo壱番屋,メンチカツカレー,1047,20.5,40.7,152.8,4.5,2026-09-25,turn1view3,official_full
CoCo壱番屋,ソーセージ(4本)カレー,980,21.2,41.5,132.0,5.0,2026-09-25,turn1view3,official_full
CoCo壱番屋,チキンカツカレー,1115,32.3,43.7,151.6,4.8,2026-09-25,turn1view3,official_full
CoCo壱番屋,パリパリチキンカレー,995,29.2,36.4,139.1,4.8,2026-09-25,turn1view3,official_full
CoCo壱番屋,ロースカツカレー,1116,27.1,48.7,149.3,4.3,2026-09-25,turn1view3,official_full
CoCo壱番屋,手仕込とんかつカレー,1272,34.2,63.4,146.4,4.0,2026-09-25,turn1view3,official_full
CoCo壱番屋,牛すじ煮込みカレー,846,25.0,25.3,136.9,5.4,2026-09-25,turn1view3,official_full
CoCo壱番屋,なす(6個)カレー,872,11.9,34.9,131.6,3.4,2026-09-25,turn1view3,official_full
CoCo壱番屋,ほうれん草カレー,712,12.5,18.5,128.6,3.6,2026-09-25,turn1view3,official_full
CoCo壱番屋,やさいカレー,783,12.8,20.1,142.4,3.5,2026-09-25,turn1view3,official_full
CoCo壱番屋,スクランブルエッグカレー,846,15.4,30.2,132.0,4.0,2026-09-25,turn1view3,official_full
CoCo壱番屋,納豆カレー,787,18.0,22.4,132.3,3.4,2026-09-25,turn1view3,official_full
CoCo壱番屋,きのこカレー,711,12.5,18.4,129.8,3.9,2026-09-25,turn1view3,official_full
CoCo壱番屋,クリームコロッケ(カニ入り)(2個)カレー,1085,16.6,45.5,156.1,4.8,2026-09-25,turn1view3,official_full
CoCo壱番屋,チーズカレー,896,23.9,34.1,128.3,4.4,2026-09-25,turn1view3,official_full
CoCo壱番屋,フィッシュフライ(2本)カレー,942,22.1,32.3,143.9,4.4,2026-09-25,turn1view3,official_full
CoCo壱番屋,たっぷりあさりカレー,769,23.2,19.6,130.1,4.0,2026-09-25,turn1view3,official_full
CoCo壱番屋,ヤサイサラダ,17,0.9,0.2,3.8,0.0,2026-09-25,turn1view3,official_full
CoCo壱番屋,シーザーサラダ,104,2.2,7.2,8.3,1.3,2026-09-25,turn1view3,official_full
CoCo壱番屋,タマゴサラダ,111,9.9,7.0,6.4,0.8,2026-09-25,turn1view3,official_full
CoCo壱番屋,ツナサラダ,115,10.2,6.7,5.0,0.5,2026-09-25,turn1view3,official_full
CoCo壱番屋,チキンにこみ（トッピング）,68,13.4,1.4,1.8,0.9,2026-09-25,turn1view3,official_full
CoCo壱番屋,フライドチキン(3個)（トッピング）,195,10.6,13.9,11.0,0.8,2026-09-25,turn1view3,official_full
CoCo壱番屋,ハンバーグ(1個)（トッピング）,112,6.6,7.3,5.0,0.6,2026-09-25,turn1view3,official_full
CoCo壱番屋,豚しゃぶ（トッピング）,351,12.6,33.2,1.9,0.1,2026-09-25,turn1view3,official_full
CoCo壱番屋,メンチカツ（トッピング）,346,9.5,22.4,25.9,1.1,2026-09-25,turn1view3,official_full
CoCo壱番屋,ソーセージ(4本)（トッピング）,279,10.2,23.2,5.1,1.5,2026-09-25,turn1view3,official_full
ジョイフル,ポテトフライ,436.0,4.1,26.5,45.1,0.5,2026-09-08,turn1view0,official_full
ジョイフル,ごぼう唐揚げ,330.0,1.5,27.0,20.3,1.1,2026-09-08,turn1view0,official_full
ジョイフル,メガ盛りポテトフライ,1307.0,12.3,79.4,135.3,1.4,2026-09-08,turn1view0,official_full
ジョイフル,なんこつ唐揚げ,316.0,9.9,22.8,18.1,2.4,2026-09-08,turn1view0,official_full
ジョイフル,唐揚げ＆ソーセージ,926.0,22.7,67.1,56.2,2.7,2026-09-08,turn1view0,official_full
ジョイフル,ジョイフル塩唐揚げ（単品）,700.0,30.1,50.4,27.8,3.3,2026-09-08,turn1view0,official_full
ジョイフル,ソーセージ（３本）,322.0,11.0,27.5,7.9,2.5,2026-09-08,turn1view0,official_full
ジョイフル,大豆ミートとサラダ豆の農園タコライス,561.0,26.7,21.9,64.0,3.2,2026-09-08,turn1view0,official_full
ジョイフル,大阪風あまからカレー（ロースかつ）,1125.0,29.3,52.7,130.0,5.7,2026-09-08,turn1view0,official_full
ジョイフル,ジョイフル薪窯ベーコンピザ,545.0,26.0,16.3,73.8,3.4,2026-09-08,turn1view0,official_full
ジョイフル,チキンドリア,744.0,28.7,40.0,62.7,3.6,2026-09-08,turn1view0,official_full
ジョイフル,大人のお子様ランチ,955.0,22.3,52.1,99.0,4.4,2026-09-08,turn1view0,official_full
ジョイフル,明太子をたっぷり使ったスパゲティ,445.0,19.7,14.5,59.5,4.4,2026-09-08,turn1view0,official_full
ジョイフル,４種チーズの芳醇ミートペンネグラタン,655.0,28.3,38.4,48.7,3.3,2026-09-08,turn1view0,official_full
ジョイフル,濃厚カルボナーラ,705.0,24.7,37.9,66.0,4.7,2026-09-08,turn1view0,official_full
ジョイフル,とろっと玉子のオムライス＆チーズハンバーグ,928.0,33.8,56.8,66.9,5.0,2026-09-08,turn1view0,official_full
ジョイフル,５種チーズインハンバーグの鉄板ボロネーゼ,1060.0,49.6,56.8,83.7,5.8,2026-09-08,turn1view0,official_full
ジョイフル,パスタ大盛り,166.0,5.0,3.8,28.0,0.6,2026-09-08,turn1view0,official_full
ジョイフル,ミックスグリル,847.0,41.5,59.5,30.4,4.3,2026-09-08,turn1view0,official_full
ジョイフル,グランペッパーハンバーグ,697.0,30.3,48.2,30.7,3.5,2026-09-08,turn1view0,official_full
ジョイフル,目玉焼き（単品）,80.0,6.9,5.7,0.2,0.2,2026-09-08,turn1view0,official_full
ジョイフル,タルタルソース（単品）,156.0,0.2,14.8,5.4,1.0,2026-09-08,turn1view0,official_full
ジョイフル,あんホイップ,142.0,2.1,2.9,27.0,0.1,2026-09-08,turn1view0,official_full
ジョイフル,アサイーヨーグルト（単品）,66.0,2.0,3.0,8.8,0.1,2026-09-08,turn1view0,official_full
ジョイフル,豚汁（単品）,183.0,4.6,11.2,16.2,2.9,2026-09-08,turn1view0,official_full
ジョイフル,味噌汁（単品）,28.0,1.7,1.1,2.9,1.9,2026-09-08,turn1view0,official_full
ジョイフル,ジョイフル塩唐揚げ（２個）,261.0,11.7,19.1,9.1,1.1,2026-09-08,turn1view0,official_full
ジョイフル,ひとくちチキンステーキ（２個）,164.0,12.5,10.6,3.2,2.1,2026-09-08,turn1view0,official_full
ジョイフル,えびフライ（２本）,247.0,8.3,15.8,17.4,0.9,2026-09-08,turn1view0,official_full
ジョイフル,プライムサイコロステーキ（ハーフ）,187.0,13.2,12.3,3.8,1.7,2026-09-08,turn1view0,official_full
ジョイフル,白身魚フライ,186.0,6.0,12.9,11.5,1.1,2026-09-08,turn1view0,official_full
ジョイフル,ポテトコロッケ,217.0,3.8,13.0,21.0,1.4,2026-09-08,turn1view0,official_full
ジョイフル,ひとくちチキンステーキにんにく醤油,548.0,32.8,38.8,14.4,4.7,2026-09-08,turn1view0,official_full
ジョイフル,チーズたっぷりチキンイタリアンステーキ,565.0,38.1,37.0,16.6,2.8,2026-09-08,turn1view0,official_full
ジョイフル,メガ盛りひとくちチキンステーキにんにく醤油,931.0,62.9,64.4,18.6,8.5,2026-09-08,turn1view0,official_full
ジョイフル,チキンステーキ＆ハンバーグ,943.0,52.7,63.1,33.3,6.3,2026-09-08,turn1view0,official_full
ジョイフル,ロースかつの特選バラエティフライ定食,1327.0,43.0,72.2,123.7,7.9,2026-09-08,turn1view0,official_full
ジョイフル,ロースかつの特選バラエティフライ（単品）,994.0,35.4,70.2,55.1,5.2,2026-09-08,turn1view0,official_full
ジョイフル,野菜たっぷりチキンの竜田揚げと釜揚げしらす丼,1058.0,40.8,54.7,97.3,6.0,2026-09-08,turn1view0,official_full
ジョイフル,出汁香るロースかつとじ定食,959.0,35.5,44.9,102.3,9.9,2026-09-08,turn1view0,official_full
ジョイフル,出汁香るロースかつとじ（単品）,626.0,28.0,42.9,33.7,7.3,2026-09-08,turn1view0,official_full
ジョイフル,蒸し鶏のゴマだれサラダと釜揚げしらす丼,545.0,24.5,20.4,66.5,4.8,2026-09-08,turn1view0,official_full
ジョイフル,たっぷりおろしの唐揚げ定食,1077.0,39.9,52.6,105.3,8.7,2026-09-08,turn1view0,official_full
ジョイフル,たっぷりおろしの唐揚げ（単品）,743.0,32.3,50.6,36.7,6.1,2026-09-08,turn1view0,official_full
ジョイフル,彩り野菜と若鶏の黒酢あんかけ定食,1081.0,29.5,55.4,113.2,6.6,2026-09-08,turn1view0,official_full
ジョイフル,彩り野菜と若鶏の黒酢あんかけ（単品）,747.0,21.9,53.4,44.5,4.0,2026-09-08,turn1view0,official_full
ジョイフル,焼き鮭と椎茸の鰹節香る雑炊,408.0,23.8,8.7,56.1,5.2,2026-09-08,turn1view0,official_full
ジョイフル,野菜かき揚げのぶっかけおろしそばと釜揚げしらす丼,894.0,23.7,27.7,137.6,7.9,2026-09-08,turn1view0,official_full
ジョイフル,野菜かき揚げのぶっかけおろしそば,676.0,16.0,26.8,94.5,7.4,2026-09-08,turn1view0,official_full
ジョイフル,野菜かき揚げのぶっかけおろしうどんと釜揚げしらす丼,818.0,18.7,26.7,123.4,8.5,2026-09-08,turn1view0,official_full
ジョイフル,野菜かき揚げのぶっかけおろしうどん,600.0,11.0,25.8,80.3,8.0,2026-09-08,turn1view0,official_full
ジョイフル,ぶっかけそば倍盛り,302.0,10.9,1.8,60.8,1.5,2026-09-08,turn1view0,official_full
ジョイフル,ぶっかけうどん倍盛り,226.0,5.9,0.8,46.6,2.1,2026-09-08,turn1view0,official_full
ジョイフル,ねぎトロ丼,526.0,23.0,12.3,77.4,4.0,2026-09-08,turn1view0,official_full
ジョイフル,すたみな豚丼,1051.0,37.0,60.2,80.3,4.7,2026-09-08,turn1view0,official_full
ジョイフル,特製天ぷらうどん（えび・ナス・かぼちゃ）,841.0,15.4,45.5,92.1,8.0,2026-09-08,turn1view0,official_full
ジョイフル,天ぷらうどん倍盛り,210.0,5.2,0.8,43.2,0.6,2026-09-08,turn1view0,official_full
ジョイフル,特製天重（えび・ナス・かぼちゃ・とり天）,1108.0,20.4,56.0,128.5,4.7,2026-09-08,turn1view0,official_full
ジョイフル,たっぷりタルタルソースのチキン南蛮定食,1210.0,35.3,63.0,119.1,7.4,2026-09-08,turn1view0,official_full
ジョイフル,たっぷりタルタルソースのチキン南蛮（単品）,877.0,27.8,61.0,50.5,4.8,2026-09-08,turn1view0,official_full
ジョイフル,ブリのりゅうきゅう丼,517.0,19.6,8.6,85.3,4.9,2026-09-08,turn1view0,official_full
ジョイフル,大分名物ニラ豚定食,1025.0,32.2,54.8,93.0,5.1,2026-09-08,turn1view0,official_full
ジョイフル,大分名物ニラ豚（単品）,698.0,25.3,53.0,25.6,2.7,2026-09-08,turn1view0,official_full
ジョイフル,とり天定食,962.0,31.8,52.0,89.7,8.1,2026-09-08,turn1view0,official_full
ジョイフル,とり天（単品）,629.0,24.3,50.0,21.1,5.5,2026-09-08,turn1view0,official_full
ジョイフル,野菜たっぷりちゃんぽん（単品）,491.0,23.1,14.8,68.0,7.2,2026-09-08,turn1view0,official_full
ジョイフル,野菜たっぷりちゃんぽんライス唐揚げ餃子セット,1204.0,43.1,43.9,156.1,9.8,2026-09-08,turn1view0,official_full
ジョイフル,オセロアイス,240.0,3.8,13.7,25.4,0.2,2026-09-08,turn1view0,official_full
ジョイフル,ハーゲンダッツストロベリーとカスピ海ヨーグルトのミニパフェ,214.0,3.9,11.9,23.3,0.2,2026-09-08,turn1view0,official_full
ジョイフル,ハーゲンダッツストロベリーとレアチーズのご褒美パフェ,358.0,5.9,22.1,34.6,0.5,2026-09-08,turn1view0,official_full
ジョイフル,ＪｉｌｌさんのＮ．Ｙ．チーズケーキ,243.0,4.0,16.2,20.6,0.4,2026-09-08,turn1view0,official_full
ジョイフル,ライス,296.0,5.1,0.7,64.3,0.0,2026-09-08,turn1view0,official_full
ジョイフル,オードブルプレートＡ,1896.0,77.3,131.6,93.4,10.5,2026-09-08,turn1view0,official_full
ジョイフル,オードブルプレートＢ,4566.0,165.1,305.2,275.0,22.4,2026-09-08,turn1view0,official_full
ジョイフル,クラシックガトーショコラ,171.0,2.1,11.8,13.8,0.1,2026-09-08,turn1view0,official_full
ジョイフル,チーズたっぷりチキンイタリアンステーキ（単品）,502.0,37.6,33.8,9.1,2.6,2026-09-08,turn1view0,official_full
ジョイフル,ミックスグリル弁当,1083.0,46.3,57.1,87.4,4.6,2026-09-08,turn1view0,official_full
ジョイフル,ミックスグリル（単品）,784.0,41.1,56.3,22.8,4.2,2026-09-08,turn1view0,official_full
ジョイフル,どど～ん！っと大きなミックスグリル弁当,1477.0,68.8,85.4,96.8,7.1,2026-09-08,turn1view0,official_full
ジョイフル,どど～ん！っと大きなミックスグリル（単品）,1178.0,63.5,84.6,32.2,6.7,2026-09-08,turn1view0,official_full
ジョイフル,ひとくちチキンステーキにんにく醤油弁当,847.0,38.1,39.6,79.0,5.2,2026-09-08,turn1view0,official_full
